,REESSB,Year,Scenario
1,-13.02502388,2019,1
2,NA,2020,1
3,-18.60537543,2021,1
4,NA,2022,1
5,-9.653341045,2023,1
6,NA,2024,1
7,1.46955164,2025,1
8,NA,2026,1
9,-2.006138455,2027,1
10,NA,2028,1
11,-7.246572537,2029,1
12,NA,2030,1
13,-8.658576166,2031,1
14,NA,2032,1
15,-3.882250961,2033,1
16,NA,2034,1
17,-2.246182365,2035,1
18,NA,2036,1
19,-6.244542194,2037,1
20,NA,2038,1
21,-10.15413732,2039,1
