"","REESSB","Year","Scenario"
"1",2.24071154495872,2019,1
"2",3.55070098651493,2021,1
"3",4.33799478868175,2023,1
"4",4.40714486264843,2025,1
"5",3.62690801438941,2027,1
"6",3.37670969293192,2029,1
"7",2.54751218257101,2031,1
"8",2.57217404963115,2033,1
"9",1.8141478044352,2035,1
"10",1.17948934476283,2037,1
"11",0.840152682999374,2039,1
